﻿<?xml version="1.0" encoding="utf-8"?><DEFECTS><DEFECT>
    <SFA>
      <FILEPATH>c:\users\admin\downloads\autoapp\autoapp\</FILEPATH>
      <FILENAME>autoapp.cpp</FILENAME>
      <LINE>381</LINE>
      <COLUMN>6</COLUMN>
    </SFA>
    <DEFECTCODE>6031</DEFECTCODE>
    <DESCRIPTION>Возвращаемое значение пропущено: "getch".</DESCRIPTION>
    <FUNCTION>main</FUNCTION>
    <DECORATED>?main@@$$HYAHXZ</DECORATED>
    <FUNCLINE>170</FUNCLINE>
    <PATH></PATH>
  </DEFECT></DEFECTS>